"First name",Surname,"ID number",Institution,Department,"Email address","Quiz: Questionnaire B: Short version (Real)","Course total (Real)","Last downloaded from this course"
fsh1011,FSH1,,,,fsh1_011@example.com,-,-,1661935237
fsh1012,FSH1,,,,fsh1_012@example.com,-,-,1661935237
fsh1013,FSH1,,,,fsh1_013@example.com,-,-,1661935237
fsh1014,FSH1,,,,fsh1_014@example.com,-,-,1661935237
fsh1015,FSH1,,,,fsh1_015@example.com,-,-,1661935237
fsh1016,FSH1,,,,fsh1_016@example.com,-,-,1661935237
fsh1017,FSH1,,,,fsh1_017@example.com,-,-,1661935237
fsh1018,FSH1,,,,fsh1_018@example.com,8.00,8.00,1661935237
fsh1019,FSH1,,,,fsh1_019@example.com,-,-,1661935237
fsh1020,FSH1,,,,fsh1_020@example.com,-,-,1661935237
fsh1021,FSH1,,,,fsh1_021@example.com,-,-,1661935237
fsh1022,FSH1,,,,fsh1_022@example.com,-,-,1661935237
fsh1023,FSH1,,,,fsh1_023@example.com,-,-,1661935237
fsh1024,FSH1,,,,fsh1_024@example.com,-,-,1661935237
fsh1025,FSH1,,,,fsh1_025@example.com,-,-,1661935237
fsh3001,FSH3,,,,fsh3_001@example.com,-,-,1661935237
fsh3002,FSH3,,,,fsh3_002@example.com,-,-,1661935237
fsh3003,FSH3,,,,fsh3_003@example.com,-,-,1661935237
fsh3004,FSH3,,,,fsh3_004@example.com,-,-,1661935237
fsh3005,FSH3,,,,fsh3_005@example.com,-,-,1661935237
fsh3006,FSH3,,,,fsh3_006@example.com,-,-,1661935237
fsh3007,FSH3,,,,fsh3_007@example.com,-,-,1661935237
fsh3008,FSH3,,,,fsh3_008@example.com,-,-,1661935237
fsh3009,FSH3,,,,fsh3_009@example.com,-,-,1661935237
fsh3010,FSH3,,,,fsh3_010@example.com,-,-,1661935237
fsh3011,FSH3,,,,fsh3_011@example.com,-,-,1661935237
fsh3012,FSH3,,,,fsh3_012@example.com,-,-,1661935237
fsh3013,FSH3,,,,fsh3_013@example.com,-,-,1661935237
fsh3014,FSH3,,,,fsh3_014@example.com,-,-,1661935237
fsh3015,FSH3,,,,fsh3_015@example.com,-,-,1661935237
fsh3016,FSH3,,,,fsh3_016@example.com,-,-,1661935237
fsh3017,FSH3,,,,fsh3_017@example.com,-,-,1661935237
fsh3018,FSH3,,,,fsh3_018@example.com,-,-,1661935237
fsh3019,FSH3,,,,fsh3_019@example.com,-,-,1661935237
fsh3020,FSH3,,,,fsh3_020@example.com,-,-,1661935237
fsh3021,FSH3,,,,fsh3_021@example.com,-,-,1661935237
fsh3022,FSH3,,,,fsh3_022@example.com,-,-,1661935237
fsh3023,FSH3,,,,fsh3_023@example.com,-,-,1661935237
fsh3024,FSH3,,,,fsh3_024@example.com,-,-,1661935237
fsh3025,FSH3,,,,fsh3_025@example.com,-,-,1661935237
fsh3101,FSH3,,,,fsh3_101@example.com,8.00,8.00,1661935237
fsh3102,FSH3,,,,fsh3_102@example.com,8.00,8.00,1661935237
fsh3103,FSH3,,,,fsh3_103@example.com,-,-,1661935237
fsh3104,FSH3,,,,fsh3_104@example.com,-,-,1661935237
fsh3105,FSH3,,,,fsh3_105@example.com,-,-,1661935237
fsh3106,FSH3,,,,fsh3_106@example.com,-,-,1661935237
fsh3107,FSH3,,,,fsh3_107@example.com,-,-,1661935237
fsh3108,FSH3,,,,fsh3_108@example.com,-,-,1661935237
fsh3109,FSH3,,,,fsh3_109@example.com,10.00,10.00,1661935237
fsh3110,FSH3,,,,fsh3_110@example.com,11.00,11.00,1661935237
fsh3111,FSH3,,,,fsh3_111@example.com,-,-,1661935237
fsh3112,FSH3,,,,fsh3_112@example.com,-,-,1661935237
fsh3113,FSH3,,,,fsh3_113@example.com,-,-,1661935237
fsh3114,FSH3,,,,fsh3_114@example.com,-,-,1661935237
fsh3115,FSH3,,,,fsh3_115@example.com,-,-,1661935237
fsh3116,FSH3,,,,fsh3_116@example.com,-,-,1661935237
fsh3117,FSH3,,,,fsh3_117@example.com,-,-,1661935237
fsh3118,FSH3,,,,fsh3_118@example.com,-,-,1661935237
fsh3119,FSH3,,,,fsh3_119@example.com,-,-,1661935237
fsh3120,FSH3,,,,fsh3_120@example.com,-,-,1661935237
fsh3121,FSH3,,,,fsh3_121@example.com,-,-,1661935237
fsh3122,FSH3,,,,fsh3_122@example.com,-,-,1661935237
fsh3123,FSH3,,,,fsh3_123@example.com,-,-,1661935237
fsh3124,FSH3,,,,fsh3_124@example.com,-,-,1661935237
fsh3125,FSH3,,,,fsh3_125@example.com,-,-,1661935237
fsh1001,PL,,,,fsh1001@localhost.com,-,-,1661935237
fsh1002,PL,,,,fsh1002@localhost.com,-,-,1661935237
fsh1003,PL,,,,fsh1003@localhost.com,-,-,1661935237
fsh1004,PL,,,,fsh1004@localhost.com,-,-,1661935237
fsh1005,PL,,,,fsh1005@localhost.com,-,-,1661935237
fsh1006,PL,,,,fsh1006@localhost.com,7.00,7.00,1661935237
fsh1007,PL,,,,fsh1007@localhost.com,-,-,1661935237
fsh1008,PL,,,,fsh1008@localhost.com,-,-,1661935237
fsh1009,PL,,,,fsh1009@localhost.com,-,-,1661935237
fsh1101,PL,,,,fsh1101@localhost.com,9.00,9.00,1661935237
fsh1102,PL,,,,fsh1102@localhost.com,9.00,9.00,1661935237
fsh1103,PL,,,,fsh1103@localhost.com,9.00,9.00,1661935237
fsh1104,PL,,,,fsh1104@localhost.com,8.00,8.00,1661935237
fsh1105,PL,,,,fsh1105@localhost.com,10.00,10.00,1661935237
fsh1106,PL,,,,fsh1106@localhost.com,9.00,9.00,1661935237
fsh1107,PL,,,,fsh1107@localhost.com,11.00,11.00,1661935237
fsh1108,PL,,,,fsh1108@localhost.com,9.00,9.00,1661935237
fsh1109,PL,,,,fsh1109@localhost.com,10.00,10.00,1661935237
fsh1110,PL,,,,fsh1110@localhost.com,11.00,11.00,1661935237
fsh1111,PL,,,,fsh1111@localhost.com,10.00,10.00,1661935237
fsh1112,PL,,,,fsh1112@localhost.com,9.00,9.00,1661935237
fsh1113,PL,,,,fsh1113@localhost.com,9.00,9.00,1661935237
fsh1114,PL,,,,fsh1114@localhost.com,10.00,10.00,1661935237
fsh1115,PL,,,,fsh1115@localhost.com,9.00,9.00,1661935237
fsh1116,PL,,,,fsh1116@localhost.com,12.00,12.00,1661935237
fsh1117,PL,,,,fsh1117@localhost.com,7.00,7.00,1661935237
fsh1118,PL,,,,fsh1118@localhost.com,8.00,8.00,1661935237
fsh1119,PL,,,,fsh1119@localhost.com,7.00,7.00,1661935237
fsh1120,PL,,,,fsh1120@localhost.com,6.00,6.00,1661935237
fsh1121,PL,,,,fsh1121@localhost.com,8.00,8.00,1661935237
fsh1122,PL,,,,fsh1122@localhost.com,13.00,13.00,1661935237
fsh1123,PL,,,,fsh1123@localhost.com,13.00,13.00,1661935237
fsh1124,PL,,,,fsh1124@localhost.com,8.00,8.00,1661935237
fsh1125,PL,,,,fsh1125@localhost.com,9.00,9.00,1661935237
fsh1126,PL,,,,fsh1126@localhost.com,10.00,10.00,1661935237
fsh1127,PL,,,,fsh1127@localhost.com,9.00,9.00,1661935237
fsh1128,PL,,,,fsh1128@localhost.com,8.00,8.00,1661935237
fsh1129,PL,,,,fsh1129@localhost.com,-,-,1661935237
fsh1130,PL,,,,fsh1130@localhost.com,-,-,1661935237
fsh1131,PL,,,,fsh1131@localhost.com,-,-,1661935237
fsh1132,PL,,,,fsh1132@localhost.com,-,-,1661935237
fsh1133,PL,,,,fsh1133@localhost.com,-,-,1661935237
fsh1134,PL,,,,fsh1134@localhost.com,-,-,1661935237
fsh1135,PL,,,,fsh1135@localhost.com,-,-,1661935237
fsh1510,PL,,,,fsh1010@localhost.com,-,-,1661935237
fsh2001,PL,,,,fsh2001@localhost.com,-,-,1661935237
fsh2002,PL,,,,fsh2002@localhost.com,-,-,1661935237
fsh2003,PL,,,,fsh2003@localhost.com,-,-,1661935237
fsh2004,PL,,,,fsh2004@localhost.com,-,-,1661935237
fsh2005,PL,,,,fsh2005@localhost.com,-,-,1661935237
fsh2006,PL,,,,fsh2006@localhost.com,-,-,1661935237
fsh2007,PL,,,,fsh2007@localhost.com,-,-,1661935237
fsh2008,PL,,,,fsh2008@localhost.com,-,-,1661935237
fsh2009,PL,,,,fsh2009@localhost.com,-,-,1661935237
fsh2010,PL,,,,fsh2010@localhost.com,-,-,1661935237
fsh2011,PL,,,,fsh2011@localhost.com,-,-,1661935237
fsh2012,PL,,,,fsh2012@localhost.com,-,-,1661935237
fsh2013,PL,,,,fsh2013@localhost.com,-,-,1661935237
fsh2014,PL,,,,fsh2014@localhost.com,-,-,1661935237
fsh2015,PL,,,,fsh2015@localhost.com,-,-,1661935237
fsh2101,PL,,,,fsh2101@localhost.com,-,-,1661935237
fsh2102,PL,,,,fsh2102@localhost.com,-,-,1661935237
fsh2103,PL,,,,fsh2103@localhost.com,-,-,1661935237
fsh2104,PL,,,,fsh2104@localhost.com,-,-,1661935237
fsh2105,PL,,,,fsh2105@localhost.com,-,-,1661935237
fsh2106,PL,,,,fsh2106@localhost.com,-,-,1661935237
fsh2107,PL,,,,fsh2107@localhost.com,-,-,1661935237
fsh2108,PL,,,,fsh2108@localhost.com,-,-,1661935237
fsh2109,PL,,,,fsh2109@localhost.com,-,-,1661935237
fsh2110,PL,,,,fsh2110@localhost.com,-,-,1661935237
fsh2111,PL,,,,fsh2111@localhost.com,-,-,1661935237
fsh2112,PL,,,,fsh2112@localhost.com,-,-,1661935237
fsh2113,PL,,,,fsh2113@localhost.com,-,-,1661935237
fsh2114,PL,,,,fsh2114@localhost.com,10.00,10.00,1661935237
fsh2115,PL,,,,fsh2115@localhost.com,-,-,1661935237
fsh2116,PL,,,,fsh2116@localhost.com,-,-,1661935237
fsh2117,PL,,,,fsh2117@localhost.com,-,-,1661935237
fsh2118,PL,,,,fsh2118@localhost.com,-,-,1661935237
fsh2119,PL,,,,fsh2119@localhost.com,-,-,1661935237
fsh2120,PL,,,,fsh2120@localhost.com,-,-,1661935237
fsh2121,PL,,,,fsh2121@localhost.com,-,-,1661935237
fsh2122,PL,,,,fsh2122@localhost.com,11.00,11.00,1661935237
fsh2123,PL,,,,fsh2123@localhost.com,-,-,1661935237
fsh2124,PL,,,,fsh2124@localhost.com,-,-,1661935237
fsh2125,PL,,,,fsh2125@localhost.com,-,-,1661935237
fsh2126,PL,,,,fsh2126@localhost.com,-,-,1661935237
fsh2127,PL,,,,fsh2127@localhost.com,11.00,11.00,1661935237
fsh2128,PL,,,,fsh2128@localhost.com,-,-,1661935237
fsh2129,PL,,,,fsh2129@localhost.com,-,-,1661935237
fsh2130,PL,,,,fsh2130@localhost.com,-,-,1661935237
fsh2131,PL,,,,fsh2131@localhost.com,-,-,1661935237
fsh2132,PL,,,,fsh2132@localhost.com,9.00,9.00,1661935237
fsh2133,PL,,,,fsh2133@localhost.com,-,-,1661935237
fsh2134,PL,,,,fsh2134@localhost.com,-,-,1661935237
fsh2135,PL,,,,fsh2135@localhost.com,1.00,1.00,1661935237
